"id","name","symbol","rank","logo"
1,"Bitcoin","BTC","1","https://s2.coinmarketcap.com/static/img/coins/64x64/1.png"
1027,"Ethereum","ETH","2","https://s2.coinmarketcap.com/static/img/coins/64x64/1027.png"
825,"Tether","USDT","3","https://s2.coinmarketcap.com/static/img/coins/64x64/825.png"
1839,"BNB","BNB","4","https://s2.coinmarketcap.com/static/img/coins/64x64/1839.png"
3408,"USD Coin","USDC","5","https://s2.coinmarketcap.com/static/img/coins/64x64/3408.png"
52,"XRP","XRP","6","https://s2.coinmarketcap.com/static/img/coins/64x64/52.png"
2010,"Cardano","ADA","7","https://s2.coinmarketcap.com/static/img/coins/64x64/2010.png"
74,"Dogecoin","DOGE","8","https://s2.coinmarketcap.com/static/img/coins/64x64/74.png"
3890,"Polygon","MATIC","9","https://s2.coinmarketcap.com/static/img/coins/64x64/3890.png"
5426,"Solana","SOL","10","https://s2.coinmarketcap.com/static/img/coins/64x64/5426.png"
6636,"Polkadot","DOT","11","https://s2.coinmarketcap.com/static/img/coins/64x64/6636.png"
2,"Litecoin","LTC","12","https://s2.coinmarketcap.com/static/img/coins/64x64/2.png"
4687,"Binance USD","BUSD","13","https://s2.coinmarketcap.com/static/img/coins/64x64/4687.png"
5994,"Shiba Inu","SHIB","14","https://s2.coinmarketcap.com/static/img/coins/64x64/5994.png"
1958,"TRON","TRX","15","https://s2.coinmarketcap.com/static/img/coins/64x64/1958.png"
5805,"Avalanche","AVAX","16","https://s2.coinmarketcap.com/static/img/coins/64x64/5805.png"
4943,"Dai","DAI","17","https://s2.coinmarketcap.com/static/img/coins/64x64/4943.png"
3717,"Wrapped Bitcoin","WBTC","18","https://s2.coinmarketcap.com/static/img/coins/64x64/3717.png"
1975,"Chainlink","LINK","19","https://s2.coinmarketcap.com/static/img/coins/64x64/1975.png"
3957,"UNUS SED LEO","LEO","20","https://s2.coinmarketcap.com/static/img/coins/64x64/3957.png"
